kmeans_cluster,customer_count,age_mean,income_mean,spending_score_mean,digital_affinity_mean,loyalty_months_mean,family_size_mean,online_orders_mean,store_visits_mean,promo_response_mean,preferred_channel_mode,membership_tier_mode
2,53,32.283018867924525,85.48113207547169,71.37735849056604,18.641698113207546,19.18867924528302,2.509433962264151,6.279245283018868,4.356603773584906,0.4846981132075472,App,Silver
4,87,34.91954022988506,83.54482758620689,57.67816091954023,12.756666666666666,20.35632183908046,2.781609195402299,3.1999999999999997,8.914942528735633,0.4207241379310345,Store,Silver
3,59,35.28813559322034,73.4864406779661,50.28813559322034,12.617796610169492,20.593220338983052,2.8813559322033897,2.2389830508474575,4.327118644067797,0.38296610169491524,Website,Silver
0,78,35.32051282051282,65.03461538461538,49.53846153846154,17.807307692307692,23.615384615384617,3.3205128205128207,5.87051282051282,4.853846153846154,0.41083333333333333,App,Silver
1,83,41.1566265060241,49.70843373493976,37.71084337349398,12.040481927710843,18.240963855421686,3.1204819277108435,3.5036144578313255,8.171084337349399,0.3122409638554217,Store,Silver
